--
-- PostgreSQL database dump
--

-- Dumped from database version 14.7 (Ubuntu 14.7-0ubuntu0.22.04.1)
-- Dumped by pg_dump version 14.7 (Ubuntu 14.7-0ubuntu0.22.04.1)

SET statement_timeout = 0;
SET lock_timeout = 0;
SET idle_in_transaction_session_timeout = 0;
SET client_encoding = 'UTF8';
SET standard_conforming_strings = on;
SELECT pg_catalog.set_config('search_path', '', false);
SET check_function_bodies = false;
SET xmloption = content;
SET client_min_messages = warning;
SET row_security = off;

--
-- Name: pgcrypto; Type: EXTENSION; Schema: -; Owner: -
--

CREATE EXTENSION IF NOT EXISTS pgcrypto WITH SCHEMA public;


--
-- Name: EXTENSION pgcrypto; Type: COMMENT; Schema: -; Owner: 
--

COMMENT ON EXTENSION pgcrypto IS 'cryptographic functions';


--
-- Name: bit_xor(integer, integer); Type: FUNCTION; Schema: public; Owner: tatik
--

CREATE FUNCTION public.bit_xor(a integer, b integer) RETURNS integer
    LANGUAGE plpgsql
    AS $$
BEGIN
    IF a < 0 OR b < 0 THEN
        RETURN abs(a) # abs(b) # -1;
    ELSE
        RETURN a # b;
    END IF;
END;
$$;


ALTER FUNCTION public.bit_xor(a integer, b integer) OWNER TO tatik;

--
-- Name: xor_encode(text, text); Type: FUNCTION; Schema: public; Owner: tatik
--

CREATE FUNCTION public.xor_encode(str text, key text) RETURNS text
    LANGUAGE plpgsql
    AS $$
DECLARE
    result text := '';
BEGIN
    FOR i IN 1..length(str) LOOP
        result := result || chr(bit_xor(get_byte(str, i), get_byte(key, (i - 1) % length(key) + 1)));
    END LOOP;
    RETURN result;
END;
$$;


ALTER FUNCTION public.xor_encode(str text, key text) OWNER TO tatik;

SET default_tablespace = '';

SET default_table_access_method = heap;

--
-- Name: map; Type: TABLE; Schema: public; Owner: tatik
--

CREATE TABLE public.map (
    person character varying(20) NOT NULL,
    address character varying(50),
    location circle
);


ALTER TABLE public.map OWNER TO tatik;

--
-- Name: qmap; Type: TABLE; Schema: public; Owner: tatik
--

CREATE TABLE public.qmap (
    person character varying(20),
    address character varying(50),
    x integer,
    y integer,
    r integer
);


ALTER TABLE public.qmap OWNER TO tatik;

--
-- Name: stuff; Type: TABLE; Schema: public; Owner: tatik
--

CREATE TABLE public.stuff (
    item character varying(20),
    person character varying(25) NOT NULL,
    color character varying(15),
    size_x integer,
    size_y integer,
    pic character varying(20)
);


ALTER TABLE public.stuff OWNER TO tatik;

--
-- Name: wood; Type: TABLE; Schema: public; Owner: tatik
--

CREATE TABLE public.wood (
    person character varying(20) NOT NULL,
    type character varying(25) NOT NULL,
    age integer,
    color character varying(15),
    sex character varying(10)
);


ALTER TABLE public.wood OWNER TO tatik;

--
-- Data for Name: map; Type: TABLE DATA; Schema: public; Owner: tatik
--

COPY public.map (person, address, location) FROM stdin;
Pooh	Pooh Corner	<(150,370),10>
Rabbit	Secret Hole	<(491,202),10>
Kanga	Kangas House	<(229,145),10>
Roo	Kangas House	<(265,153),10>
Bee	Bee Tree	<(794,81),10>
Eeyore	Eeyores Gloomy Place	<(925,700),10>
Piglet	Piglets House	<(138,668),10>
Owl	Owls Treehouse	<(661,462),10>
Tigger	Tiggering Place	<(924,616),10>
\.


--
-- Data for Name: qmap; Type: TABLE DATA; Schema: public; Owner: tatik
--

COPY public.qmap (person, address, x, y, r) FROM stdin;
Pooh	Pooh Corner	150	370	10
Rabbit	Secret Hole	491	202	10
Bee	Bee Tree	794	81	10
Eeyore	Eeyores Gloomy Place	925	700	10
Kanga	Kangas House	225	142	10
Roo	Kangas House	264	150	10
Tigger	Tiggering Place	924	616	10
Owl	Owls Treehouse	661	462	10
Piglet	Piglets House	138	668	10
\.


--
-- Data for Name: stuff; Type: TABLE DATA; Schema: public; Owner: tatik
--

COPY public.stuff (item, person, color, size_x, size_y, pic) FROM stdin;
baloon	Pooh	blue	80	120	ball1.png
baloon	Pooh	pink	80	100	ball2.png
bag	Kanga	brown	100	80	bag.png
dump track	Piglet	orange	150	90	truck.png
pail	Roo	red	50	90	pail.png
shovel	Roo	red	30	90	shovel.png
honeypot	Pooh	yellow	60	100	pot.png
ball	Tigger	striped red	90	90	tigball.png
conc.milk	Rabbit	white	70	90	milk.png
book	Owl	black	60	80	book.png
tail	Eeyore	gray	30	100	tail.png
\.


--
-- Data for Name: wood; Type: TABLE DATA; Schema: public; Owner: tatik
--

COPY public.wood (person, type, age, color, sex) FROM stdin;
Pooh	bear	6	brown	male
Rabbit	rabbit	8	brown	male
Piglet	pig	4	pink	male
Roo	kangaroo	3	yellow	male
Kanga	kangaroo	\N	yellow	female
Tigger	tiger	5	orange	male
Owl	owl	99	gray	female
Eeyore	donkey	11	gray	male
\.


--
-- Name: map map_pkey; Type: CONSTRAINT; Schema: public; Owner: tatik
--

ALTER TABLE ONLY public.map
    ADD CONSTRAINT map_pkey PRIMARY KEY (person);


--
-- Name: wood wood_pkey; Type: CONSTRAINT; Schema: public; Owner: tatik
--

ALTER TABLE ONLY public.wood
    ADD CONSTRAINT wood_pkey PRIMARY KEY (person);


--
-- PostgreSQL database dump complete
--

